{
    "loss": 7.052723407745361,
    "accuracy": 0.5897436141967773
}